{"max_score": [2400.0, 2872.0], "min_score": [536.0, 512.0], "avg_score": [1064.4266666666667, 989.9733333333334]}